{
  "accuracy": 0.758957654723127,
  "f1_macro": 0.6262905839018132,
  "f1_weighted": 0.7294235050256609,
  "classification_report": {
    "minus": {
      "precision": 0.9660377358490566,
      "recall": 0.8533333333333334,
      "f1-score": 0.9061946902654867,
      "support": 300.0
    },
    "neutral": {
      "precision": 0.3404255319148936,
      "recall": 0.13675213675213677,
      "f1-score": 0.1951219512195122,
      "support": 117.0
    },
    "plus": {
      "precision": 0.6423841059602649,
      "recall": 0.9847715736040609,
      "f1-score": 0.7775551102204409,
      "support": 197.0
    },
    "accuracy": 0.758957654723127,
    "macro avg": {
      "precision": 0.649615791241405,
      "recall": 0.6582856812298438,
      "f1-score": 0.6262905839018132,
      "support": 614.0
    },
    "weighted avg": {
      "precision": 0.7429817212751331,
      "recall": 0.758957654723127,
      "f1-score": 0.7294235050256609,
      "support": 614.0
    }
  },
  "confusion_matrix": [
    [
      256,
      31,
      13
    ],
    [
      6,
      16,
      95
    ],
    [
      3,
      0,
      194
    ]
  ],
  "model": "Voicelab/herbert-base-cased-sentiment",
  "num_samples": 614
}